,cv_accuracy,test_accuracy,roc_auc,classification_report
RandomForest,0.9426751985016105,0.9405949615051706,0.9800700339535671,"{'0.0': {'precision': 0.922465729503187, 'recall': 0.9621163828430926, 'f1-score': 0.941873941339039, 'support': 10981.0}, '1.0': {'precision': 0.960373404457992, 'recall': 0.9190519598906107, 'f1-score': 0.9392584311533445, 'support': 10970.0}, 'accuracy': 0.9405949615051706, 'macro avg': {'precision': 0.9414195669805895, 'recall': 0.9405841713668517, 'f1-score': 0.9405661862461918, 'support': 21951.0}, 'weighted avg': {'precision': 0.9414100689070506, 'recall': 0.9405949615051706, 'f1-score': 0.9405668415833528, 'support': 21951.0}}"
LogisticRegression,0.734872958435536,0.7289872898728987,0.7898635888607463,"{'0.0': {'precision': 0.696378395254449, 'recall': 0.8124943083507877, 'f1-score': 0.749968478123818, 'support': 10981.0}, '1.0': {'precision': 0.7747018273334063, 'recall': 0.6453965360072926, 'f1-score': 0.7041623153811726, 'support': 10970.0}, 'accuracy': 0.7289872898728987, 'macro avg': {'precision': 0.7355401112939277, 'recall': 0.7289454221790401, 'f1-score': 0.7270653967524953, 'support': 21951.0}, 'weighted avg': {'precision': 0.7355204867266444, 'recall': 0.7289872898728987, 'f1-score': 0.7270768738558201, 'support': 21951.0}}"
GradientBoosting,0.9259229649129109,0.9244681335702246,0.9656935568746117,"{'0.0': {'precision': 0.9023737591713422, 'recall': 0.9520080138420909, 'f1-score': 0.9265266329876806, 'support': 10981.0}, '1.0': {'precision': 0.9491607177310438, 'recall': 0.8969006381039197, 'f1-score': 0.9222909636295463, 'support': 10970.0}, 'accuracy': 0.9244681335702246, 'macro avg': {'precision': 0.925767238451193, 'recall': 0.9244543259730054, 'f1-score': 0.9244087983086134, 'support': 21951.0}, 'weighted avg': {'precision': 0.9257555156015698, 'recall': 0.9244681335702246, 'f1-score': 0.9244098595897156, 'support': 21951.0}}"
